_id,studentName,admissionNo,phoneNo,address,rollNo,belongingClass,belongingSchool,sex
100,ST_S1_C1_1,ST_S1_C1_admn_1,100,ST_S1_C1_addr_1,1,100,100,male
101,ST_S1_C1_2,ST_S1_C1_admn_2,101,ST_S1_C1_addr_2,2,100,100,male
102,ST_S1_C1_3,ST_S1_C1_admn_3,102,ST_S1_C1_addr_3,3,100,100,male
103,ST_S1_C1_4,ST_S1_C1_admn_4,103,ST_S1_C1_addr_4,4,100,100,male
104,ST_S1_C1_5,ST_S1_C1_admn_5,104,ST_S1_C1_addr_5,5,100,100,male
105,ST_S1_C1_6,ST_S1_C1_admn_6,105,ST_S1_C1_addr_6,6,100,100,female
106,ST_S1_C1_7,ST_S1_C1_admn_7,106,ST_S1_C1_addr_7,7,100,100,female
107,ST_S1_C1_8,ST_S1_C1_admn_8,107,ST_S1_C1_addr_8,8,100,100,female
108,ST_S1_C1_9,ST_S1_C1_admn_9,108,ST_S1_C1_addr_9,9,100,100,female
109,ST_S1_C1_10,ST_S1_C1_admn_10,109,ST_S1_C1_addr_10,10,100,100,female
110,ST_S1_C2_1,ST_S1_C2_admin_1,110,ST_S1_C2_addr_1,1,101,100,male
111,ST_S1_C2_2,ST_S1_C2_admin_2,111,ST_S1_C2_addr_2,2,101,100,male
112,ST_S1_C2_3,ST_S1_C2_admin_3,112,ST_S1_C2_addr_3,3,101,100,male
113,ST_S1_C2_4,ST_S1_C2_admin_4,113,ST_S1_C2_addr_4,4,101,100,male
114,ST_S1_C2_5,ST_S1_C2_admin_5,114,ST_S1_C2_addr_5,5,101,100,female
115,ST_S1_C2_6,ST_S1_C2_admin_6,115,ST_S1_C2_addr_6,6,101,100,female
116,ST_S1_C2_7,ST_S1_C2_admin_7,116,ST_S1_C2_addr_7,7,101,100,female
117,ST_S1_C2_8,ST_S1_C2_admin_8,117,ST_S1_C2_addr_8,8,101,100,female
118,ST_S1_C2_9,ST_S1_C2_admin_9,118,ST_S1_C2_addr_9,9,101,100,female
119,ST_S1_C2_10,ST_S1_C2_admin_10,119,ST_S1_C2_addr_10,10,101,100,female
120,ST_S1_C3_1,ST_S1_C3_admin_1,120,ST_S1_C3_addr_1,1,102,100,male
121,ST_S1_C3_2,ST_S1_C3_admin_2,121,ST_S1_C3_addr_2,2,102,100,male
122,ST_S1_C3_3,ST_S1_C3_admin_3,122,ST_S1_C3_addr_3,3,102,100,male
123,ST_S1_C3_4,ST_S1_C3_admin_4,123,ST_S1_C3_addr_4,4,102,100,male
124,ST_S1_C3_5,ST_S1_C3_admin_5,124,ST_S1_C3_addr_5,5,102,100,male
125,ST_S1_C3_6,ST_S1_C3_admin_6,125,ST_S1_C3_addr_6,6,102,100,male
126,ST_S1_C3_7,ST_S1_C3_admin_7,126,ST_S1_C3_addr_7,7,102,100,male
127,ST_S1_C3_8,ST_S1_C3_admin_8,127,ST_S1_C3_addr_8,8,102,100,female
128,ST_S1_C3_9,ST_S1_C3_admin_9,128,ST_S1_C3_addr_9,9,102,100,female
129,ST_S1_C3_10,ST_S1_C3_admin_10,129,ST_S1_C3_addr_10,10,102,100,female
200,ST_S2_C1_1,ST_S2_C1_admn_1,200,ST_S2_C1_addr_1,1,200,101,male
201,ST_S2_C1_2,ST_S2_C1_admn_2,201,ST_S2_C1_addr_2,2,200,101,male
202,ST_S2_C1_3,ST_S2_C1_admn_3,202,ST_S2_C1_addr_3,3,200,101,male
203,ST_S2_C1_4,ST_S2_C1_admn_4,203,ST_S2_C1_addr_4,4,200,101,male
204,ST_S2_C1_5,ST_S2_C1_admn_5,204,ST_S2_C1_addr_5,5,200,101,male
205,ST_S2_C1_6,ST_S2_C1_admn_6,205,ST_S2_C1_addr_6,6,200,101,female
206,ST_S2_C1_7,ST_S2_C1_admn_7,206,ST_S2_C1_addr_7,7,200,101,female
207,ST_S2_C1_8,ST_S2_C1_admn_8,207,ST_S2_C1_addr_8,8,200,101,female
208,ST_S2_C1_9,ST_S2_C1_admn_9,208,ST_S2_C1_addr_9,9,200,101,female
209,ST_S2_C1_10,ST_S2_C1_admn_10,209,ST_S2_C1_addr_10,10,200,101,female
210,ST_S2_C2_1,ST_S2_C2_admin_1,210,ST_S2_C2_addr_1,1,201,101,male
211,ST_S2_C2_2,ST_S2_C2_admin_2,211,ST_S2_C2_addr_2,2,201,101,male
212,ST_S2_C2_3,ST_S2_C2_admin_3,212,ST_S2_C2_addr_3,3,201,101,male
213,ST_S2_C2_4,ST_S2_C2_admin_4,213,ST_S2_C2_addr_4,4,201,101,male
214,ST_S2_C2_5,ST_S2_C2_admin_5,214,ST_S2_C2_addr_5,5,201,101,female
215,ST_S2_C2_6,ST_S2_C2_admin_6,215,ST_S2_C2_addr_6,6,201,101,female
216,ST_S2_C2_7,ST_S2_C2_admin_7,216,ST_S2_C2_addr_7,7,201,101,female
217,ST_S2_C2_8,ST_S2_C2_admin_8,217,ST_S2_C2_addr_8,8,201,101,female
218,ST_S2_C2_9,ST_S2_C2_admin_9,218,ST_S2_C2_addr_9,9,201,101,female
219,ST_S2_C2_10,ST_S2_C2_admin_10,219,ST_S2_C2_addr_10,10,201,101,female
220,ST_S2_C3_1,ST_S2_C3_admin_1,220,ST_S2_C3_addr_1,1,202,101,male
221,ST_S2_C3_2,ST_S2_C3_admin_2,221,ST_S2_C3_addr_2,2,202,101,male
222,ST_S2_C3_3,ST_S2_C3_admin_3,222,ST_S2_C3_addr_3,3,202,101,male
223,ST_S2_C3_4,ST_S2_C3_admin_4,223,ST_S2_C3_addr_4,4,202,101,male
224,ST_S2_C3_5,ST_S2_C3_admin_5,224,ST_S2_C3_addr_5,5,202,101,male
225,ST_S2_C3_6,ST_S2_C3_admin_6,225,ST_S2_C3_addr_6,6,202,101,male
226,ST_S2_C3_7,ST_S2_C3_admin_7,226,ST_S2_C3_addr_7,7,202,101,male
227,ST_S2_C3_8,ST_S2_C3_admin_8,227,ST_S2_C3_addr_8,8,202,101,female
228,ST_S2_C3_9,ST_S2_C3_admin_9,228,ST_S2_C3_addr_9,9,202,101,female
229,ST_S2_C3_10,ST_S2_C3_admin_10,229,ST_S2_C3_addr_10,10,202,101,female
300,ST_S3_C1_1,ST_S3_C1_admn_1,200,ST_S3_C1_addr_1,1,300,102,male
301,ST_S3_C1_2,ST_S3_C1_admn_2,201,ST_S3_C1_addr_2,2,300,102,male
302,ST_S3_C1_3,ST_S3_C1_admn_3,202,ST_S3_C1_addr_3,3,300,102,male
303,ST_S3_C1_4,ST_S3_C1_admn_4,203,ST_S3_C1_addr_4,4,300,102,male
304,ST_S3_C1_5,ST_S3_C1_admn_5,204,ST_S3_C1_addr_5,5,300,102,male
305,ST_S3_C1_6,ST_S3_C1_admn_6,205,ST_S3_C1_addr_6,6,300,102,female
306,ST_S3_C1_7,ST_S3_C1_admn_7,206,ST_S3_C1_addr_7,7,300,102,female
307,ST_S3_C1_8,ST_S3_C1_admn_8,207,ST_S3_C1_addr_8,8,300,102,female
308,ST_S3_C1_9,ST_S3_C1_admn_9,208,ST_S3_C1_addr_9,9,300,102,female
309,ST_S3_C1_10,ST_S3_C1_admn_10,209,ST_S3_C1_addr_10,10,300,102,female
310,ST_S3_C2_1,ST_S3_C2_admin_1,210,ST_S3_C2_addr_1,1,301,102,male
311,ST_S3_C2_2,ST_S3_C2_admin_2,211,ST_S3_C2_addr_2,2,301,102,male
312,ST_S3_C2_3,ST_S3_C2_admin_3,212,ST_S3_C2_addr_3,3,301,102,male
313,ST_S3_C2_4,ST_S3_C2_admin_4,213,ST_S3_C2_addr_4,4,301,102,male
314,ST_S3_C2_5,ST_S3_C2_admin_5,214,ST_S3_C2_addr_5,5,301,102,female
315,ST_S3_C2_6,ST_S3_C2_admin_6,215,ST_S3_C2_addr_6,6,301,102,female
316,ST_S3_C2_7,ST_S3_C2_admin_7,216,ST_S3_C2_addr_7,7,301,102,female
317,ST_S3_C2_8,ST_S3_C2_admin_8,217,ST_S3_C2_addr_8,8,301,102,female
318,ST_S3_C2_9,ST_S3_C2_admin_9,218,ST_S3_C2_addr_9,9,301,102,female
319,ST_S3_C2_10,ST_S3_C2_admin_10,219,ST_S3_C2_addr_10,10,301,102,female
320,ST_S3_C3_1,ST_S3_C3_admin_1,220,ST_S3_C3_addr_1,1,302,102,male
321,ST_S3_C3_2,ST_S3_C3_admin_2,221,ST_S3_C3_addr_2,2,302,102,male
322,ST_S3_C3_3,ST_S3_C3_admin_3,222,ST_S3_C3_addr_3,3,302,102,male
323,ST_S3_C3_4,ST_S3_C3_admin_4,223,ST_S3_C3_addr_4,4,302,102,male
324,ST_S3_C3_5,ST_S3_C3_admin_5,224,ST_S3_C3_addr_5,5,302,102,male
325,ST_S3_C3_6,ST_S3_C3_admin_6,225,ST_S3_C3_addr_6,6,302,102,male
326,ST_S3_C3_7,ST_S3_C3_admin_7,226,ST_S3_C3_addr_7,7,302,102,male
327,ST_S3_C3_8,ST_S3_C3_admin_8,227,ST_S3_C3_addr_8,8,302,102,female
328,ST_S3_C3_9,ST_S3_C3_admin_9,228,ST_S3_C3_addr_9,9,302,102,female
329,ST_S3_C3_10,ST_S3_C3_admin_10,229,ST_S3_C3_addr_10,10,302,102,female
